"Position","Age"
20550046,2194608.81578588
20550070,2687553.7570833
20550323,3326602.28743196
20550403,3288634.28811834
20550549,2333215.88799499
20551129,2657950.2663738
20551182,2453011.23487716
20551486,3565917.16803199
20551519,2659967.09063183
20551633,3215817.15694096
20552286,3934641.70494635
